1,Tri-Horned Dragon,2850,2350
2,Blue-Eyes White Dragon,3000,2500
3,Skull Servant,300,200
4,Dark Magician,2500,2100
5,Gaia The Fierce Knight,2300,2100
6,Celtic Guardian,1400,1200
7,Basic Insect,500,700
8,Silver Fang,1200,800
9,Dark Gray,800,900
10,Nemuriko,800,700
11,The 13th Grave,1200,900
12,Charubin the Fire Knight,1100,800
13,Flame Manipulator,900,1000
14,Monster Egg,600,900
15,Firegrass,700,600
16,Darkfire Dragon,1500,1250
17,Dark King of the Abyss,1200,800
18,Fiend Reflection #2,1100,1400
19,Turtle Tiger,900,700
20,Petit Dragon,600,700
21,Hinotama Soul,600,500
22,Aqua Madoor,1200,2000
23,Kagemusha of the Blue Flame,800,400
24,Flame Ghost,1000,800
25,Two-Mouth Darkruler,900,700
26,Dissolverock,900,1000
27,Root Water,900,800
28,The Furious Sea King,800,700
29,Green Phantom King,500,1600
30,Ray & Temperature,1000,1000
31,King Fog,1000,900
32,Mystical Elf,800,2000
33,Tyhone,1200,1400
34,Curse of Dragon,2000,1500
35,Giant Soldier of Stone,1300,2000
36,Uraby,1500,800
37,Red-Eyes B. Dragon,2400,2000
38,Reaper of the Cards,1380,1930
39,Witty Phantom,1400,1300
40,Hard Armor,300,1200
41,Man Eater,800,600
42,Spirit of the Harp,800,2000
43,Armaill,700,1300
44,Terra the Terrible,1200,1300
45,Kumootoko,700,1400
46,Meda Bat,800,400
47,Enchanting Mermaid,1200,900
48,Fireyarou,1300,1000
49,Metal Dragon,1850,1700
50,Spike Seadra,1600,1300
51,Tripwire Beast,1200,1300
52,Skull Red Bird,1550,1200
53,Armed Ninja,300,300
54,Flower Wolf,1800,1400
55,Man-Eater Bug,450,600
56,Misairuzame,1400,1600
57,Steel Ogre Grotto #1,1400,1800
58,Lesser Dragon,1200,1000
59,Darkworld Thorns,1200,900
60,Drooling Lizard,900,800
61,Armored Starfish,850,1400
62,Succubus Knight,1650,1300
63,Right Leg of the Forbidden One,200,300
64,Left Leg of the Forbidden One,200,300
65,Right Arm of the Forbidden One,200,300
66,Left Arm of the Forbidden One,200,300
67,Exodia the Forbidden One,1000,1000
68,Gaia the Dragon Champion,2600,2100
69,Gate Guardian,3750,3400
70,Feral Imp,1300,1400
71,"Winged Dragon, Guardian of the Fortress #1",1400,1200
72,Summoned Skull,2500,1200
73,Rock Ogre Grotto #1,800,1200
74,Armored Lizard,1500,1200
75,Killer Needle,1200,1000
76,Larvae Moth,300,400
77,Harpie Lady,1300,1400
78,Harpie Lady Sisters,1950,2100
79,Kojikocy,1500,1200
80,Cocoon of Evolution,0,2000
81,Crawling Dragon,1600,1400
82,Armored Zombie,1500,0
83,Mask of Darkness,900,400
84,Doma The Angel of Silence,1600,1400
85,White Magical Hat,1000,700
86,Big Eye,1200,1000
87,B. Skull Dragon,3200,2500
88,Masked Sorcerer,900,1400
89,Roaring Ocean Snake,2100,1800
90,Water Omotics,1400,1200
91,Ground Attacker Bugroth,1500,1000
92,Petit Moth,300,200
93,Sanga of the Thunder,2600,2200
94,Kazejin,2400,2200
95,Suijin,2500,2400
96,Mystic Lamp,400,300
97,Steel Scorpion,250,300
98,Ocubeam,1550,1650
99,Leghul,300,350
100,Ooguchi,300,250
101,Leogun,1750,1550
102,Blast Juggler,800,900
103,Jinzo #7,500,400
104,Magician of Faith,400,300
105,Ancient Elf,1450,1200
106,Deepsea Shark,1900,1600
107,Bottom Dweller,1650,1700
108,Destroyer Golem,1500,1000
109,Kaminari Attack,1900,1400
110,Rainbow Flower,400,500
111,Morinphen,1550,1300
112,Mega Thunderball,750,600
113,Tongyo,1350,800
114,Empress Judge,2100,1700
115,Electric Lizard,850,800
116,Hunter Spider,1600,1400
117,Ancient Lizard Warrior,1400,1100
118,Queen's Double,350,300
119,Trent,1500,1800
120,Disk Magician,1350,1000
121,Hyosube,1500,900
122,Hibikime,1450,1000
123,Baby Dragon,1200,700
124,Blackland Fire Dragon,1500,800
125,Swamp Battleguard,1800,1500
126,Battle Steer,1800,1300
127,Time Wizard,500,400
128,Saggi the Dark Clown,600,1500
129,Dragon Piper,200,1800
130,Illusionist Faceless Mage,1200,2200
131,Sangan,1000,600
132,Great Moth,2600,2400
133,Kuriboh,300,200
134,Jellyfish,1200,1500
135,King of Yamimakai,2000,1530
136,Catapult Turtle,1000,2000
137,Mystic Horseman,1300,1550
138,Rabid Horseman,2000,1700
139,Crass Clown,1350,1400
140,Dream Clown,1200,900
141,Tainted Wisdom,1250,800
142,Ancient Brain,1000,700
143,Guardian of the Labyrinth,1000,1200
144,Prevent Rat,500,2000
145,The Little Swordsman of Aile,800,1300
146,Princess of Tsurugi,900,700
147,Protector of the Throne,800,1500
148,Jirai Gumo,2200,100
149,Shadow Ghoul,1600,1300
150,Labyrinth Tank,2400,2400
151,Ryu-Kishin Powered,1600,1200
152,Bickuribox,2300,2000
153,Giltia the D. Knight,1850,1500
154,Launcher Spider,2200,2500
155,Giga-Tech Wolf,1200,1400
156,Thunder Dragon,1600,1500
157,7 Colored Fish,1800,800
158,The Immortal of Thunder,1500,1300
159,Punished Eagle,2100,1800
160,Insect Soldiers of the Sky,1000,800
161,Hoshiningen,500,700
162,Musician King,1750,1500
163,Yado Karu,900,1700
164,Cyber Saurus,1800,1400
165,Muka Muka,600,300
166,The Bistro Butcher,1800,1000
167,Star Boy,550,500
168,Milus Radiant,300,250
169,Flame Cerebrus,2100,1800
170,Niwatori,900,800
171,Dark Elf,2000,800
172,Mushroom Man #2,1250,600
173,Lava Battleguard,1550,1800
174,Witch of the Black Forest,1100,1200
175,Little Chimera,600,700
176,Bladefly,600,700
177,Lady of Faith,1100,800
178,Witch's Apprentice,550,500
179,Blue-Winged Crown,1600,1200
180,Skull Knight,2650,2250
181,Gazelle the King of Mythical Beasts,1500,1200
182,Garnecia Elefantis,2400,2000
183,Barrel Dragon,2600,2200
184,The Unhappy Maiden,0,100
185,Thousand Dragon,2400,2000
186,Penguin Knight,900,800
187,Metal Fish,1600,1900
188,Electric Snake,800,900
189,Queen Bird,1200,2000
190,Ameba,300,350
191,Peacock,1700,1500
192,Maha Vailo,1550,1400
193,Guardian of the Throne Room,1650,1600
194,Fire Kraken,1600,1500
195,Minar,850,750
196,Griggle,350,300
197,Tyhone #2,1700,1900
198,Ancient One of the Deep Forest,1800,1900
199,Dark Witch,1800,1700
200,Weather Report,850,1500
201,Mechanical Snail,800,1000
202,Giant Turtle Who Feeds On Flames,1400,1800
203,Liquid Beast,950,800
204,Hiro's Shadow Scout,650,500
205,High Tide Gyojin,1650,1300
206,Invader of the Throne,1350,1500
207,Whiptail Crow,1650,1600
208,Slot Machine,2000,2300
209,Relinquished,0,0
210,Red Archery Girl,1400,1500
211,Octoberser,1600,1400
212,Psychic Kappa,400,1000
213,Labyrinth Wall,0,3000
214,Twin Long Rods #2,850,700
215,Stone Ogre Grotto,1600,1500
216,Performance of Sword,1950,1850
217,Hungry Burger,2000,1850
218,Crab Turtle,2550,2500
219,Ryu-Ran,2200,2600
220,Manga Ryu-Ran,2200,2600
221,Toon Mermaid,1400,1500
222,Toon Summoned Skull,2500,1200
223,Hyozanryu,2100,2800
224,Cyber Jar,900,900
225,Banisher of the Light,100,2000
226,Giant Rat,1400,1450
227,Senju of the Thousand Hands,1400,1000
228,UFO Turtle,1400,1200
229,Flash Assailant,2000,2000
230,Karate Man,1000,1000
231,Dark Zebra,1800,400
232,Giant Germ,1000,100
233,Nimble Momonga,1000,100
234,Shining Angel,1400,800
235,Boar Soldier,2000,500
236,Mother Grizzly,1400,1000
237,Flying Kamakiri #1,1400,900
238,Ceremonial Bell,0,1850
239,Sonic Bird,1400,1000
240,Mystic Tomato,1400,1100
241,Beaver Warrior,1200,1500
242,Mammoth Graveyard,1200,800
243,Neo the Magic Swordsman,1700,1000
244,Man-Eating Treasure Chest,1600,1000
245,Hitotsu-Me Giant,1200,1000
246,Pale Beast�,1500,1200
247,Hane-Hane,450,500
248,Flame Swordsman,1800,1600
249,Trial of Nightmare,1300,900
250,Fusionist,900,700
251,Petit Angel,600,900
252,Mystical Sheep #2,800,1000
253,Masaki the Legendary Swordsman,1100,1100
254,Kurama,800,800
255,Karbonala Warrior,1500,1200
256,Larvas,800,1000
257,M-Warrior #1,1000,500
258,M-Warrior #2,500,1000
259,Frenzied Panda,1200,1000
260,Dragoness the Wicked Knight,1200,900
261,One-Eyed Shield Dragon,700,1300
262,Sand Stone,1300,1600
263,Serpent Night Dragon,2350,2400
264,Jinzo,2400,1500
265,Steel Ogre Grotto #2,1900,2200
266,Three-Headed Geedo,1200,1400
267,Parasite Paracide,500,300
268,Morphing Jar #2,800,700
269,Flame Champion,1900,1300
270,Twin-Headed Fire Dragon,2200,1700
271,Darkfire Soldier #1,1700,1150
272,Mr. Volcano,2100,1300
273,Darkfire Soldier #2,1700,1100
274,Kiseitai,300,800
275,Cyber Falcon,1400,1200
276,Flying Kamakiri #2,1500,800
277,Harpie's Brother,1800,600
278,Buster Blader,2600,2300
279,Bubonic Vermin,900,600
280,Dark Bat,1000,1000
281,Oni Tank T-34,1400,1700
282,Overdrive,1600,1500
283,The Legendary Fisherman,1850,1600
284,Sword Hunter,2450,1700
285,Drill Bug,1100,200
286,Deepsea Warrior,1600,1800
287,Bite Shoes,500,300
288,Spikebot,1800,1700
289,Invitation to a Dark Sleep,1500,1800
290,Thousand-Eyes Idol,0,0
291,Thousand-Eyes Restrict,0,0
292,Girochin Kuwagata,1700,1000
293,Hayabusa Knight,1000,700
294,Bombardment Beetle,400,900
295,4-Starred Ladybug of Doom,800,1200
296,Gradius,1200,800
297,Red-Moon Baby,700,1000
298,Mad Sword Beast,1400,1200
299,Skull Mariner,1600,900
300,The All-Seeing White Tiger,1300,500
301,Goblin Attack Force,2300,0
302,Island Turtle,1100,2000
303,Wingweaver,2750,2400
304,Science Soldier,800,800
305,Souls of the Forgotten,900,200
306,Dokuroyaiba,1000,400
307,The Fiend Megacyber,2200,1200
308,Gearfried the Iron Knight,1800,1600
309,Beast of Talwar,2400,2150
310,Gemini Elf,1900,900
311,The Masked Beast,3200,1800
312,Swordsman of Landstar,500,1200
313,Humanoid Slime,800,2000
314,Worm Drake,1400,1500
315,Humanoid Worm Drake,2200,2000
316,Revival Jam,1500,500
317,Flying Fish,800,500
318,Amphibian Beast,2400,2000
319,Shining Abyss,1600,1800
320,Gadget Soldier,1800,2000
321,Grand Tiki Elder,1500,800
322,Melchid the Four-Face Beast,1500,1200
323,Nuvia the Wicked,2000,800
324,Lady Panther,1400,1300
325,The Unfriendly Amazon,2000,1000
326,Amazon Archer,1400,1000
327,Crimson Sentry,1500,1200
328,Fire Princess,1300,1500
329,Lady Assailant of Flames,1500,1000
330,Fire Sorcerer,1000,1500
331,Spirit of the Breeze,0,1800
332,Dancing Fairy,1700,1000
333,Fairy Guardian,1000,1000
334,Empress Mantis,2200,1400
335,Cure Mermaid,1500,800
336,Hysteric Fairy,1800,500
337,Bio-Mage,1150,1000
338,The Forgiving Maiden,850,2000
339,St. Joan,2800,2000
340,Marie the Fallen One,1700,1200
341,The Portrait's Secret,1200,1500
342,The Gross Ghost of Fled Dreams,1300,1800
343,Headless Knight,1450,1700
344,Earthbound Spirit,500,2000
345,The Earl of Demise,2000,700
346,Boneheimer,850,400
347,Flame Dancer,550,450
348,Spherous Lady,400,1400
349,Lightning Conger,350,750
350,Jowgen the Spiritualist,200,1300
351,Kycoo the Ghost Destroyer,1800,700
352,Summoner of Illusions,800,900
353,Bazoo the Soul-Eater,1600,900
354,Dark Necrofear,2200,2800
355,Soul of Purity and Light,2000,1800
356,Spirit of Flames,1700,1000
357,Aqua Spirit,1600,1200
358,The Rock Spirit,1700,1000
359,Garuda the Wind Spirit,1600,1200
360,Gilasaurus,1400,400
361,Tornado Bird,1100,1000
362,Dreamsprite,300,200
363,Zombyra the Dark,2100,500
364,Supply,1300,800
365,Maryokutai,900,900
366,The Last Warrior from Another Planet,2350,2300
367,Yata-Garasu,200,100
368,Dark Ruler Ha Des,2450,1600
369,Dark Balter the Terrible,2000,1200
370,Lesser Fiend,2100,1000
371,Possessed Dark Soul,1200,800
372,Winged Minion,700,700
373,Skull Knight #2,1000,1200
374,Ryu-Kishin Clown,800,500
375,Twin-Headed Wolf,1500,1000
376,Opticlops,1800,1700
377,Freed the Matchless General,2300,1700
378,Throwstone Unit,900,2000
379,Marauding Captain,1200,400
380,Ryu Senshi,2000,1200
381,Warrior Dai Grepher,1700,1600
382,Mysterious Guard,800,1200
383,Frontier Wiseman,1600,800
384,Exiled Force,1000,1000
385,The Hunter with 7 Weapons,1000,600
386,Shadow Tamer,800,700
387,Dragon Manipulator,700,800
388,Tyrant Dragon,2900,2500
389,Spear Dragon,1900,0
390,Spirit Ryu,1000,1000
391,The Dragon Dwelling in the Cave,1300,2000
392,Lizard Soldier,1100,800
393,Fiend Skull Dragon,2000,1200
394,Cave Dragon,2000,100
395,Gray Wing,1300,700
396,Troop Dragon,700,800
397,Luster Dragon #2,2400,1400
398,Robotic Knight,1600,1800
399,Wolf Axwielder,1650,1000
400,The Illusory Gentleman,1500,1600
401,Robolady,450,900
402,Roboyarou,900,450
403,Fiber Jar,500,500
404,Serpentine Princess,1400,2000
405,Patrician of Darkness,2000,1400
406,Thunder Nyan Nyan,1900,800
407,Woodland Sprite,900,400
408,Airknight Parshath,1900,1400
409,Twin-Headed Behemoth,1500,1200
410,Maharaghi,1200,1700
411,Inaba White Rabbit,700,500
412,Susa Soldier,2000,1600
413,Yamata Dragon,2600,3100
414,Great Long Nose,1900,1700
415,Otohime,0,100
416,Hino-Kagu-Tsuchi,2800,2900
417,Asura Priest,1700,1200
418,Fushi No Tori,1200,0
419,Super Robolady,1200,500
420,Super Roboyarou,1200,500
421,Injection Fairy Lily,400,1500
422,Theinen the Great Sphinx,3500,3000
423,Andro Sphinx,3000,2500
424,Sphinx Teleia,2500,3000
425,Rare Metal Dragon,2400,1200
426,Peten the Dark Clown,500,1200
427,Familiar Knight,1200,1400
428,Molten Behemoth,1000,2200
429,Shapesnatch,1200,1700
430,Souleater,1200,0
431,King Tiger Wanghu,1700,1000
432,Birdface,1600,1600
433,Kryuel,1000,1700
434,Arsenal Bug,2000,2000
435,Maiden of the Aqua,700,2000
436,Jowls of Dark Demise,200,100
437,Timeater,1900,1700
438,Mucus Yolk,0,100
439,Servant of Catabolism,700,500
440,Moisture Creature,2800,2900
441,Gora Turtle,1100,1100
442,Sasuke Samurai,500,800
443,Poison Mummy,1000,1800
444,Dark Dust Spirit,2200,1800
445,Royal Keeper,1600,1700
446,Wandering Mummy,1500,1500
447,Great Dezard,1900,2300
448,Swarm of Scarabs,500,1000
449,Swarm of Locusts,1000,500
450,Giant Axe Mummy,1700,2000
451,8-Claws Scorpion,300,200
452,Guardian Sphinx,1700,2400
453,Pyramid Turtle,1200,1400
454,Dice Jar,200,300
455,Dark Scorpion Burglars,1000,1000
456,Don Zaloog,1400,1500
457,Des Lacooda,500,600
458,Fushioh Richie,2600,2900
459,Cobraman Sakuzy,800,1400
460,Master Kyonshee,1750,1000
461,Kabazauls,1700,1500
462,Inpachi,1600,1900
463,Dark Jeroid,1200,1500
464,Newdoria,1200,800
465,Helpoemer,2000,1400
466,Gravekeeper's Spy,1200,2000
467,Gravekeeper's Curse,800,800
468,Gravekeeper's Guard,1000,1900
469,Gravekeeper's Spear Soldier,1500,1000
470,Gravekeeper's Vassal,700,500
471,Gravekeeper's Watcher,1000,1000
472,Gravekeeper's Chief,1900,1200
473,Garvekeeper's Cannonholder,1400,1200
474,Gravekeeper's Assailant,1500,1500
475,A Man with Wdjat,1600,1600
476,Mystical Knight of Jackal,2700,1200
477,A Cat of Ill Omen,500,300
478,Yomi Ship,800,1400
479,Winged Sage Falcos,1700,1200
480,An Owl of Luck,300,500
481,Charm of Shabti,100,100
482,Cobra Jar,600,300
483,Spirit Reaper,300,200
484,Nightmare Horse,500,400
485,Reaper on the Nightmare,800,600
486,Byser Shock,800,600
487,Lava Golem,3000,2500
488,Dark Magician Girl,2000,1700
489,People Running About,600,600
490,Oppressed People,400,2000
491,United Resistance,1000,400
492,X-Head Cannon,1800,1500
493,Y-Dragon Head,1500,1600
494,Z-Metal Tank,1500,1300
495,Dark Blade,1800,1500
496,Pitch-Dark Dragon,900,600
497,Kiryu,2000,1500
498,Decayed Commander,1000,1500
499,Zombie Tiger,1400,1600
500,Giant Orc,2200,0
501,Second Goblin,100,100
502,Vampire Orchis,1700,1000
503,Des Dendle,300,2000
504,Burning Beast,1500,1000
505,Freezing Beast,1500,1000
506,Union Rider,1000,1000
507,D. D. Crazy Beast,1400,1400
508,Spell Canceller,1800,1600
509,Neko Mane King,0,0
510,Helping Robo For Combat,1600,0
511,Dimension Jar,200,200
512,Great Phantom Thief,1000,1000
513,Roulette Barrel,1000,2000
514,Paladin of White Dragon,1900,1200
515,XY-Dragon Cannon,2200,1900
516,XYZ-Dragon Cannon,2800,2600
517,XZ-Tank Cannon,2400,2100
518,YZ-Tank Dragon,2100,2200
519,Great Angus,1800,600
520,Aitsu,100,100
521,Sonic Duck,1700,700
522,Luster Dragon,1900,1600
523,Amazoness Paladin,1700,300
524,Amazoness Fighter,1500,1300
525,Amazoness Swords Woman,1500,1600
526,Amazoness Blowpiper,1800,1500
527,Amazoness Tiger,1100,1500
528,Skilled White Magician,1700,1900
529,Skilled Dark Magician,1900,1700
530,Apprentice Magician,400,800
531,Old Vindictive Magician,450,600
532,Chaos Command Magician,2400,1900
533,Magical Marionette,2000,1000
534,Pixie Knight,1300,200
535,Breaker the Magical Warrior,1600,1000
536,Magical Plant Mandragola,500,200
537,Magical Scientist,300,300
538,Royal Magical Library,0,2000
539,Armor Exe,2400,1400
540,Tribe-Infecting Virus,1600,1000
541,Des Koala,1100,1800
542,Cliff the Trap Remover,1200,1000
543,Magical Merchant,200,700
544,Koitsu,200,100
545,Cat's Ear Tribe,200,100
546,Ultimate Obedient Fiend,3500,3000
547,Dark Cat with White Tail,800,500
548,Dark Paladin,2900,2400
549,Vampire Lord,2000,1500
550,Battle Footballer,1000,2100
551,Nin-Ken Dog,1800,1000
552,Acrobat Monkey,1000,1800
553,Arsenal Summoner,1600,1600
554,Guardian Elma,1300,1200
555,Guardian Ceal,1700,1400
556,Guardian Grarl,2500,1000
557,Guardian Baou,800,400
558,Guardian Kay'est,1000,1800
559,Guardian Tryce,1900,1700
560,Cyber Raider,1400,1000
561,Reflect Bounder,1700,1000
562,Little-Winguard,1400,1800
563,Des Feral Imp,1600,1800
564,Different Dimension Dragon,1200,1500
565,"Shinato, King of a Higher Plane",3300,3000
566,Dark Flare Knight,2200,800
567,Mirage Knight,2800,2000
568,Berserk Dragon,3500,0
569,Exodia Necross,1800,0
570,Gyaku-Gire Panda,800,1600
571,Blindly Loyal Goblin,1800,1500
572,Despair from the Dark,2800,3000
573,Fear from the Dark,1700,1500
574,Dark Scorpion - Chick the Yellow,1000,1000
575,D. D. Warrior Lady,1500,1600
576,Thousand Needles,1000,1800
577,Kaiser Glider,2400,2200
578,Gagagigo,1850,1000
579,D. D. Trainer,100,2000
580,Ojama Green,0,1000
581,Archfiend Soldier,1900,1500
582,Pandemonium Watchbear,1300,1800
583,Sasuke Samurai #2,200,300
584,Dark Scorpion - Gorg the Strong,1800,1500
585,Dark Scorpion - Meanae the Thorn,1000,1800
586,Outstanding Dog Marron,100,100
587,Great Maju Garzett,0,0
588,Iron Blacksmith Kotetsu,500,500
589,Goblin of Greed,1000,1800
590,Mefist the Infernal General,1800,1700
591,Vilepawn Archfiend,1200,200
592,Shadowknight Archfiend,2000,1600
593,Darkbishop Archfiend,300,1400
594,Desrook Archfiend,1100,1800
595,Infernalqueen Archfiend,900,1500
596,Terrorking Archfiend,2000,1500
597,Skull Archfiend of Lightning,2500,1200
598,Metallizing Parasite - Lunatite,1000,500
599,Tsukuyomi,1100,1400
600,Mudora,1500,1800
601,Keldo,1200,1600
602,Kelbek,1500,1800
603,Zolga,1700,1200
604,Agido,1500,1300
605,Legendary Flame Lord,2400,2000
606,Dark Master - Zorc,2700,1500
607,Chaos Emperor Dragon - Envoy of the End,3000,2500
608,Ojama Yellow,0,1000
609,Ojama Black,0,1000
610,Soul Tiger,0,2100
611,Big Koala,2700,2000
612,Des Kangaroo,1500,1700
613,Crimson Ninja,300,300
614,Strike Ninja,1700,1200
615,Gale Lizard,1400,700
616,Spirit of the Pot of Greed,100,100
617,Chopman the Desperate Outlaw,1100,500
618,Sasuke Samurai #3,1000,1000
619,D. D. Scout Plane,800,1200
620,Berserk Gorilla,2000,1000
621,Freed the Brave Wanderer,1700,1200
622,Coach Goblin,1200,1500
623,Witch Doctor of Chaos,500,500
624,Chaos Necromancer,0,0
625,Chaosrider Gustaph,1400,1500
626,Inferno,1100,1900
627,Fenrir,1400,1200
628,Gigantes,1900,1300
629,Silpheed,1700,700
630,Chaos Sorcerer,2300,2000
631,Black Luster Soldier - Envoy of the Beginning,3000,2500
632,Drillago,1600,1100
633,Lekunga,1700,500
634,Lord Poison,1500,1000
635,Bowganian,1300,1000
636,Granadora,1900,700
637,Giga Gagagigo,2450,1500
638,Mad Dog of Darkness,1900,1400
639,Neo Bug,1800,1700
640,Sea Serpent Warrior of Darkness,1800,1500
641,Terrorking Salmon,2400,1000
642,Blazing Inpachi,1850,0
643,Burning Algae,500,1500
644,The Thing in the Crater,1000,1200
645,Molten Zombie,1600,400
646,Dark Magician of Chaos,2800,2600
647,Gora Turtle of Illusion,1200,1400
648,Manticore of Darkness,2300,1000
649,Stealth Bird,700,1700
650,Sacred Crane,1600,400
651,Enraged Battle Ox,1700,1000
652,Don Turtle,1100,1200
653,Balloon Lizard,900,1900
654,Dark Driceratops,2400,1500
655,Hyper Hammerhead,1500,1200
656,Black Tyranno,2600,1800
657,Anti-Aircraft Flower,0,1600
658,Prickle Fairy,300,2000
659,Pinch Hopper,1000,1200
660,Skull-Mark Ladybug,500,1500
661,Insect Princess,1900,1200
662,Amphibious Bugroth MK-3,1500,1300
663,Torpedo Fish,1000,1000
664,Levia-Dragon - Daedalus,2600,1500
665,Orca Mega-Fortress of Darkness,2100,1200
666,Cannonball Spear Shellfish,1000,1000
667,Mataza the Zapper,1300,800
668,Guardian Angel Joan,2800,2000
669,Manju of the Ten Thousand Hands,1400,1000
670,Getsu Fuhma,1700,1200
671,Ryu Kokki,2400,2000
672,Invader of Darkness,2900,2500
673,End of Anubis,2500,0
674,Gogiga Gagagigo,2950,2800
675,Warrior of Zera,1600,1600
676,Sealmaster Meisei,1100,900
677,Mystical Shine Ball,500,500
678,Metal Armored Bug,2800,1500
679,The Agent of Judgment - Saturn,2400,0
680,The Agent of Wisdom - Mercury,0,1700
681,The Agent of Creation - Venus,1600,0
682,The Agent of Force - Mars,0,0
683,The Unhappy Girl,400,300
684,Soul-Absorbing Bone Tower,400,1500
685,The Kick Man,1300,300
686,Vampire Lady,1550,1550
687,Stone Statue of the Aztecs,300,2000
688,Rocket Jumper,1000,800
689,Avatar of The Pot,1200,1300
690,Legendary Jujitsu Master,1300,1800
691,Gear Golem the Moving Fortress,800,2200
692,KA-2 Des Scissors,1000,1000
693,Needle Burrower,1700,1700
694,Sonic Jammer,350,650
695,Blowback Dragon,2300,1200
696,Zaborg the Thunder Monarch,2400,1000
697,Atomic Firefly,100,200
698,Mermaid Knight,1500,700
699,Piranha Army,800,200
700,Two Thousand Needles,2000,1800
701,Disc Fighter,1000,1000
702,Arcane Archer of the Forest,900,1400
703,Lady Ninja Yae,1100,200
704,Goblin King,0,0
705,Solar Flare Dragon,1500,1000
706,White Magician Pikeru,1200,0
707,Archlord Zerato,2800,2300
708,Gigobyte,350,300
709,Mokey Mokey,300,100
710,Kozaky,400,400
711,Fiend Scorpion,900,200
712,Pharaoh's Servant,900,0
713,Pharaonic Protector,900,0
714,Spirit of the Pharaoh,2500,2000
715,Theban Nightmare,1500,500
716,Aswan Apparition,500,500
717,Protector of the Sanctuary,1100,1900
718,Nubian Guard,500,500
719,Legacy Hunter,1000,1500
720,Desertapir,900,300
721,Sand Gambler,300,1600
722,3-Hump Lacooda,500,1500
723,Ghost Knight of Jackal,1700,1600
724,Absorbing Kid from the Sky,1300,1000
725,Elephant Statue of Blessing,1500,0
726,Elephant Statue of Disaster,1500,0
727,Spirit Caller,1000,1000
728,Emissary of the Afterlife,1600,600
729,Grave Protector,0,2000
730,Double Coston,1700,1650
731,Regenerating Mummy,1800,1500
732,Night Assailant,200,500
733,Man-Thro' Tro',1000,1000
734,King of the Swamp,500,1100
735,Emissary of the Oasis,600,400
736,Mazera DeVille,2800,2300
737,Makyura the Destructor,1600,1200
738,Toon Masked Sorcerer,900,1400
739,Ultimate Insect LV1,0,0
740,Horus the Black Flame Dragon LV4,1600,1000
741,Horus the Black Flame Dragon LV6,2300,1600
742,Horus the Black Flame Dragon LV8,3000,1800
743,Dark Mimic LV1,100,1000
744,Dark Mimic LV3,1000,1000
745,Mystic Swordsman LV2,900,0
746,Mystic Swordsman LV4,1900,1600
747,Armed Dragon LV3,1200,900
748,Armed Dragon LV5,2400,1700
749,Armed Dragon LV7,2800,1000
750,Horus' Servant,100,100
751,Red-Eyes B. Chick,800,500
752,Malice Doll of Demise,1600,1700
753,Ninja Grandmaster Sasuke,1800,1000
754,Rafflesia Seduction,300,900
755,Ultimate Baseball Kid,500,1000
756,Mobius the Frost Monarch,2400,1000
757,Element Dragon,1500,1200
758,Element Soldier,1500,1200
759,Howling Insect,1200,1300
760,Masked Dragon,1400,1100
761,Mind on Air,1000,1600
762,Unshaven Angler,1500,1600
763,The Trojan Horse,1600,1200
764,Nobleman-Eater Bug,900,1200
765,Enraged Muka Muka,1200,600
766,Hade-Hane,900,1000
767,Penumbral Soldier Lady,2100,1400
768,Ojama King,0,3000
769,Master of Oz,4200,3700
770,Sanwitch,2100,1800
771,Woodborg Inpachi,500,2500
772,Mighty Guard,500,1200
773,Bokoichi the Freightening Car,500,500
774,Harpie Girl,500,500
775,The Creator,2300,3000
776,The Creator Incarnate,1600,1500
777,Ultimate Insect LV3,1400,900
778,Mystic Swordsman LV6,2300,1700
779,Silent Swordsman LV3,1000,1000
780,Nightmare Penguin,900,1800
781,Heavy Mech Support Platform,500,500
782,Perfect Machine King,2700,1500
783,Element Magician,1500,1200
784,Element Saurus,1500,1200
785,Roc from the Valley of Haze,2400,1400
786,Sasuke Samurai #4,1200,1200
787,Harpie Lady 1,1300,1400
788,Harpie Lady 2,1300,1400
789,Harpie Lady 3,1300,1400
790,Raging Flame Sprite,100,200
791,Thestalos the Firestorm Monarch,2400,1000
792,Eagle Eye,1300,1200
793,Tactical Espionage Expert,1300,1200
794,Invasion of Flames,1300,1200
795,Creeping Doom Manta,1300,1200
796,Pitch-Black Warwolf,1600,600
797,Mirage Dragon,1600,600
798,Gaia Soul the Combustible Collective,2000,0
799,Fox Fire,300,200
800,Big Core,2300,1100
801,"Fusilier Dragon, the Dual-Mode Beast",2800,2000
802,Dekoichi the Battlechanted Locomotive,1400,1000
803,A-Team: Trap Disposal Unit,300,400
804,Homunculus the Alchemic Being,1800,1600
805,Dark Blade the Dragon Knight,2200,1500
806,Mokey Mokey King,300,100
807,Space Mambo,1700,1000
808,Divine Dragon Ragnarok,1500,1000
809,Chu-Ske The Mouse Fighter,1200,0
810,Insect Knight,1900,1500
811,Sacred Phoenix of Nephthys,2400,1600
812,Hand of Nephthys,600,600
813,Ultimate Insect LV5,2300,900
814,Silent Swordsman LV5,2300,1000
815,Granmarg the Rock Monarch,2400,1000
816,Element Valkyrie,1500,1200
817,Element Doom,1500,1200
818,Maji-Gire Panda,1000,800
819,Catnipped Kitty,0,500
820,Behemoth the King of All Animals,2700,1500
821,Big-Tusked Mammoth,2000,1000
822,Kangaroo Champ,800,700
823,Hyena,1000,300
824,Blade Rabbit,400,300
825,Mecha-Dog Marron,1000,1000
826,Blast Magician,1400,1700
827,Chiron the Mage,1800,1000
828,Gearfried the Swordmaster,2600,2200
829,Armed Samurai - Ben Kei,500,800
830,Shadowslayer,1400,200
831,Golem Sentry,800,1800
832,Abare Ushioni,1200,1200
833,The Light - Hex-Sealed Fusion,1000,1600
834,The Dark - Hex-Sealed Fusion,1000,1600
835,The Earth - Hex-Sealed Fusion,1000,1600
836,Whirlwind Prodigy,1500,1600
837,Flame Ruler,1500,1600
838,Firebird,1000,800
839,Rescue Cat,300,100
840,Brain Jacker,200,900
841,Gatling Dragon,2600,1200
842,King Dragun,2400,1100
843,Elemental Hero Avian,1000,1000
844,Elemental Hero Burstinatrix,1200,800
845,Elemental Hero Clayman,800,2000
846,Elemental Hero Sparkman,1600,1400
847,Winged Kuriboh,300,200
848,Ancient Gear Golem,3000,3000
849,Ancient Gear Beast,2000,2000
850,Ancient Gear Soldier,1300,1300
851,Millennium Scorpion,2000,1800
852,Ultimate Insect LV7,2600,1200
853,Hieracosphinx,2400,1200
854,Criosphinx,1200,2400
855,Moai Interceptor Cannons,1100,2000
856,Dummy Golem,800,800
857,Grave Ohja,1600,1500
858,Mine Golem,1000,1900
859,Monk Fighter,1300,1000
860,Master Monk,1900,1000
861,Guardian Statue,800,1400
862,Medusa Worm,500,600
863,D.D. Survivor,1800,200
864,Mid Shield Gardna,100,1800
865,White Ninja,1500,800
866,Aussa the Earth Charmer,500,1500
867,Eria the Water Charmer,500,1500
868,Hiita the Fire Charmer,500,1500
869,Wynn the Wind Charmer,500,1500
870,Batteryman AA,0,0
871,Des Wombat,1600,300
872,Reshef the Dark Being,2500,1500
873,Elemental Mistress Doriado,1200,1400
874,Elemental Hero Flame Wingman,2100,1200
875,Elemental Hero Thunder Giant,2400,1500
876,Cycroid,800,1000
877,Soitsu,0,0
878,Mad Lobster,1700,1000
879,Jerry Beans Man,1750,0
880,Winged Kuriboh LV10,300,200
881,Patroid,1200,1200
882,Gyroid,1000,1000
883,Steamroid,1800,1800
884,Drillroid,1600,1600
885,UFOroid,1200,1200
886,Jetroid,1200,1800
887,Wroughtweiler,800,1200
888,Dark Catapulter,1000,1500
889,Elemental Hero Bubbleman,800,1200
890,Cyber Dragon,2100,1600
891,Cybernetic Magician,2400,1000
892,Cybernetic Cyclopean,1400,200
893,Mechanical Hound,2800,1500
894,Cyber Archfiend,1000,2000
895,Goblin Elite Attack Force,2200,1500
896,B.E.S. Crystal Core,2100,1000
897,Giant Kozaky,2500,2400
898,Indomitable Fighter Lei Lei,2300,0
899,Protective Soul Ailin,0,0
900,Doitsu,100,200
901,Des Frog,1900,0
902,T.A.D.P.O.L.E.,0,0
903,Poison Draw Frog,100,100
904,Batteryman C,0,0
905,Ebon Magician Curran,1200,0
906,D.D.M. - Different Dimension Master,1700,1500
907,Steam Gyroid,2200,1600
908,Cyber Twin Dragon,2800,2100
909,Cyber End Dragon,4000,2800
910,"Zure, Knight of Dark World",1800,1500
911,V-Tiger Jet,1600,1800
912,Blade Skater,1400,1500
913,Queen's Knight,1500,1600
914,Jack's Knight,1900,1000
915,King's Knight,1600,1400
916,Elemental Hero Bladedge,2600,1800
917,Elemental Hero Wildheart,1500,1600
918,Reborn Zombie,1000,1600
919,Chthonian Soldier,1200,1400
920,W-Wing Catapult,1300,1500
921,Infernal Incinerator,2800,1800
922,Hydrogeddon,1600,1000
923,Oxygeddon,1800,800
924,Water Dragon,2800,2600
925,Etoile Cyber,1200,1600
926,B.E.S. Tetran,1800,2300
927,Nanobreaker,1600,1800
928,Rapid-Fire Magician,1600,1200
929,"Beiige, Vanguard of Dark World",1600,1300
930,"Broww, Huntsman of Dark World",1400,800
931,"Brron, Mad King of Dark World",1800,400
932,"Sillva, Warlord of Dark World",2300,1400
933,"Goldd, Wu-Lord of Dark World",2300,1400
934,"Scarr, Scout of Dark World",500,500
935,Familiar-Possessed - Aussa,1850,1500
936,Familiar-Possessed - Eria,1850,1500
937,Familiar-Possessed - Hiita,1850,1500
938,Familiar-Possessed - Wynn,1850,1500
939,VW-Tiger Catapult,2000,2100
940,VWXYZ-Dragon Catapult Cannon,3000,2800
941,Cyber Blader,2100,800
942,Elemental Hero Rampart Blaster,2000,2500
943,Elemental Hero Tempest,2800,2800
944,Elemental Hero Wildedge,2600,2300
945,Elemental Hero Shining Flare Wingman,2500,2100
946,"Uria, Lord of Searing Flames ",0,0
947,"Hamon, Lord of Striking Thunder ",4000,4000
948,"Raviel, Lord of Phantasms ",4000,4000
949,Elemental Hero Neo Bubbleman,800,1200
950,Hero Kid,300,600
951,Cyber Barrier Dragon ,800,2800
952,Cyber Laser Dragon ,2400,1800
953,Ancient Gear,100,800
954,Ancient Gear Cannon,500,500
955,Proto-Cyber Dragon ,1100,600
956,Adhesive Explosive,1000,1000
957,Machine King Prototype,1600,1500
958,B.E.S. Covered Core ,2500,800
959,D. D. Guide,1400,1000
960,Chain Thrasher,1000,600
961,Disciple of the Forbidden Spell,1700,800
962,Tenkabito Shien,1500,1000
963,Gokipon,800,800
964,Silent Insect ,200,300
965,Chainsaw Insect,2400,0
966,Anteatereatingant,2000,500
967,Saber Beetle ,2400,600
968,Doom Dozer,2800,2600
969,Treeborn Frog,100,100
970,Beelze Frog ,1200,800
971,Princess Pikeru,2000,0
972,Princess Curran ,2000,0
973,Memory Crusher,1000,600
974,Malice Ascendant ,700,1000
975,Grass Phantom ,1000,1000
976,Sand Moth ,1000,2000
977,Divine Dragon - Excelion ,1500,900
978,"Ruin, Queen of Oblivion ",2300,2000
979,"Demise, King of Armageddon ",2400,2000
980,D.3.S. Frog ,2500,2000
981,Elemental Hero Steam Healer,1800,1000
982,Armed Dragon LV10,3000,2000
983,Blockman,1000,1500
984,Destiny Hero - Doom Lord,600,800
985,Destiny Hero - Captain Tenacious,800,800
986,Destiny Hero - Diamond Dude,1400,1600
987,Cyber Tutu,1000,800
988,Cyber Gymnast,800,1800
989,Cyber Prima,2300,1600
990,Cyber Kirin,300,800
991,Cyber Phoenix,1200,1600
992,Searchlightman,1000,1000
993,Victory Viper XX03,1200,1000
994,Siwft Birdman Joe,2300,1400
995,Harpie's Pet Baby Dragon,1200,600
996,Majestic Mech - Senku,1000,500
997,Majestic Mech - Ohka,2400,1400
998,Majestic Mech - Goryu,2900,1800
999,Royal Knight,1300,800
1000,Herald of Green Light,300,500
1001,Herald of Purple Light,300,500
1002,Bountiful Artemis,1600,1700
1003,Layard the Liberator,1400,1500
1004,Banisher of the Radiance,1600,0
1005,Voltanis the Adjudicator,2800,1400
1006,Guard Dog,1500,500
1007,Whirlwind Weasel,500,1500
1008,Avalanching Aussa,800,1500
1009,Raging Eria,800,1500
1010,Blazing Hiita,800,1500
1011,Storming Wynn,800,1500
1012,Batteryman D,0,1900
1013,Super-Electromagnetic Voltech Dragon,2400,1000
1014,Elemental Hero Phoenix Enforcer,2100,1200
1015,Elemental Hero Shining Phoenix Enforcer,2500,2100
1016,Elemental Hero Mariner,1400,1000
1017,Elemental Hero Wild Wingman,1900,2300
1018,Elemental Hero Necroid Shaman,1900,1800
1019,Elemental Hero Neos,2500,2000
1020,Sabersaurus,1900,500
1021,Neo-Spacian Aqua Dolphin,600,800
1022,Neo-Spacian Flare Scarab,500,500
1023,Neo-Spacian Dark Panther,1000,500
1024,Chrysalis Dolphin,400,600
1025,Rallis the Star Bird,800,800
1026,Submarineroid,800,1800
1027,Ambulanceroid,800,1200
1028,Decoyroid,300,500
1029,Rescueroid,1600,1800
1030,Destiny Hero - Double Dude,1000,1000
1031,Destiny Hero - Defender,100,2700
1032,Destiny Hero - Dogma,3400,2400
1033,Destiny Hero - Blade Master,300,600
1034,Destiny Hero - Fear Monger,1000,1000
1035,Destiny Hero - Dasher,2100,1000
1036,Black Ptera,1000,500
1037,Black Stego,1200,2000
1038,Ultimate Tyranno,3000,2200
1039,Miracle Jurassic Egg,0,2000
1040,Babycerasaurus,500,500
1041,Bitelon,2400,1000
1042,Alien Gray,300,800
1043,Alien Skull,1600,1800
1044,Alien Hunter,1600,800
1045,Alien Warrior,1800,1000
1046,Alien Mother,2300,1500
1047,Cosmic Horror Gangi'el,2600,2000
1048,Flying Saucer Muusik'i,1000,2000
1049,Elemental Hero Aqua Neos,2500,2000
1050,Elemental Hero Flare Neos,2500,2000
1051,Elemental Hero Dark Neos,2500,2000
1052,Ambulance Rescuroid,2300,1800
1053,Super Vehicroid Jumbo Drill,3000,2000
1054,Cyberdark Horn,800,800
1055,Cyberdark Edge,800,800
1056,Cyberdark Keel,800,800
1057,Cyber Ogre,1900,1200
1058,Cyber Esper,1200,1800
1059,Allure Queen LV3,500,500
1060,Allure Queen LV5,1000,1000
1061,Allure Queen LV7,1500,1500
1062,Dark Lucius LV4,1000,300
1063,Dark Lucius LV6,1700,600
1064,Dark Lucius LV8,2800,900
1065,Stray Asmodian,1300,1700
1066,Abaki,1700,1100
1067,Flame Ogre,2400,1700
1068,Snipe Hunter,1500,600
1069,Blast Asmodian,1000,300
1070,Vanity's Fiend,2400,1200
1071,Barrier Statue of the Abyss,1000,1000
1072,Barrier Statue of the Torrent,1000,1000
1073,Barrier Statue of the Inferno,1000,1000
1074,Barrier Statue of the Stormwinds,1000,1000
1075,Barrier Statue of the Drought,1000,1000
1076,Barrier Statue of the Heavens,1000,1000
1077,Vanity's Ruler,2500,1600
1078,"Iris, the Earth Mother",2400,1200
1079,Lightning Punisher,2600,1600
1080,Queen's Bodyguard,1700,1200
1081,Combo Fighter,1600,800
1082,Combo Master,2200,1500
1083,Man Beast of Ares,500,500
1084,Rampaging Rhynos,1500,1500
1085,Storm Shooter,2300,500
1086,Alien Infiltrator,800,500
1087,Alien Mars,1000,1000
1088,Cyberdark Dragon,1000,1000
1089,Cyber Ogre 2,2600,1900
1090,Grand Master of the Six Samurai,2100,800
1091,Gene-Warped Warwold,2000,100
1092,Frostosaurus,2600,1700
1093,Spiral Serpent,2900,2900
1094,Neo-Spacian Air Hummingbird,800,600
1095,Neo-Spacian Grand Mole,900,300
1096,Neo-Spacian Glow Moss,300,300
1097,The Six Samurai - Yaichi,1300,800
1098,The Six Samurai - Kamon,1500,1000
1099,The Six Samurai - Yariza,1000,500
1100,The Six Samurai - Nisashi,1400,700
1101,The Six Samurai - Nisashi,1800,1300
1102,The Six Samurai - Irou,1700,1200
1103,Great Shogun Shien,2500,2400
1104,Shien's Footsoldier,700,300
1105,Sage of Silence,1400,1000
1106,Sage of Stillness,1400,1000
1107,"Reign-Beaux, Overlord of Dark World",2500,1800
1108,"Kahkki, Guerilla of Dark World",300,500
1109,"Gren, Tactician of Dark World",300,300
1110,Fusion Devourer,1400,1200
1111,Electric Virus,1000,1000
1112,Puppet Plant,1000,1000
1113,Marionette Mite,1000,1000
1114,D.D. Crow,100,100
1115,Silent Abyss,2000,1500
1116,Firestorm Prominence,2000,1500
1117,Raging Earth,2000,1500
1118,Destruction Cyclone,2000,1500
1119,Radiant Spirit,2000,1500
1120,Umbral Soul,2000,1500
1121,Alien Psychic,200,100
1122,C� Chulainn the Awakened,500,1000
1123,Lycanthrope,2400,1800
1124,Elemental Hero Air Neos,2500,2500
1125,Elemental Hero Grand Neos,2500,2500
1126,Elemental Hero Glow Neos,2500,2000
1127,"Neo-Parshath, the Sky Paladin",2300,2000
1128,"Meltiel, Sage of the Sky",1600,1200
1129,"Harvest, Angel of Wisdom",1800,1000
1130,"Freya, Spirit of Victory",100,100
1131,Nova Summoner,1400,800
1132,Radiant Jeral,1000,2000
1133,Gellenduo,1700,0
1134,Card Trooper,400,400
1135,Infernal Dragon,2000,0
1136,Destiny Hero - Malicious,800,800
1137,Volcanic Rocket,1900,1400
1138,Crystal Beast Ruby Carbuncle,300,300
1139,Crystal Beast Amethyst Cat,1200,400
1140,Crystal Beast Emerald Tortoise,600,2000
1141,Crystal Beast Topaz Tiger,1600,1000
1142,Crystal Beast Amber Mammoth,1700,1600
1143,Crystal Beast Cobalt Eagle,1400,800
1144,Crystal Beast Sapphire Pegasus,1800,1200
1145,Volcanic Doomfire,3000,1800
1146,Volcanic Shell,100,0
1147,Volcanic Scattershot,500,0
1148,Volcanic Blaster,1200,600
1149,Volcanic Slicer,1800,1200
1150,Volcanic Hammerer,2400,1500
1151,Elemental Hero Captain Gold,2100,800
1152,Gravekeeper's Commandant,1600,1500
1153,Warrior of Atlantis,1900,1200
1154,Destroyersaurus,1800,1100
1155,"Zeradias, Herald of Heaven",2100,800
1156,Archfiend General,2100,800
1157,Harpie Queen,1900,1200
1158,Sky Scourge Enrise,2400,1500
1159,Sky Scourge Norleras,2400,1500
1160,Sky Scourge Invicil,2200,1600
1161,Goe Goe the Gallant Ninja,1500,1000
1162,"Mei-Kou, Master of Barriers",1700,600
1163,Raiza the Storm Monarch,2400,1000
1164,Seismic Crusher,1400,300
1165,Dweller in the Depths,1500,700
1166,Magna-Slash Dragon,2400,1200
1167,Gravi-Crush Dragon,2400,1200
1168,"Diabolos, King of the Abyss",2800,1000
1169,"Lich Lord, King of the Underworld",2400,1200
1170,"Prometheus, King of the Shadows",1200,800
1171,Mist Archfiend,2400,0
1172,Plague Wolf,1000,1000
1173,Phantom Beast Rock-Lizard,2200,2000
1174,Gemini Summoner,1500,0
1175,Alien Shocktrooper,1900,800
1176,Volcanic Rat,500,500
1177,"Renge, Gatekeeper of Dark World",100,2100
1178,Hunter Dragon,1700,100
1179,Venom Cobra,100,2000
1180,Rainbow Dragon,4000,0
1181,Chrysalis Pantail,800,300
1182,Chrysalis Chicky,600,400
1183,Chrysalis Pinny,100,700
1184,Chrysalis Larva,300,300
1185,Chrysalis Mole,700,100
1186,Necro Gardna,600,1300
1187,Vennominaga the Deity of Poisonous Snakes,0,0
1188,Vennominon the King of Poisonous Snakes,0,0
1189,Venom Snake,1200,600
1190,Venom Boa,1600,1200
1191,Venom Serpent,1000,800
1192,Elemental Hero Neos Alius,1900,1300
1193,Chthonian Emperor Dragon,2400,1500
1194,Aquarian Alessa,1500,500
1195,Lucky Pied Piper,1500,500
1196,Grasschopper,2350,1000
1197,Goggle Golem,1500,500
1198,Dawnbreak Gardna,1500,500
1199,Doom Shaman,2400,2000
1200,King Pyron,1500,500
1201,Shadow Delver,1500,500
1202,Flint Lock,1500,800
1203,Gravitic Orb,1100,700
1204,Phantom Cricket,300,1000
1205,Crystal Seer,100,100
1206,Neo-Spacian Pathfinder,1800,800
1207,Frost and Flame Dragon,2300,2000
1208,Desert Twister,2300,2000
1209,Ritual Raven,300,300
1210,Razor Lizard,1500,300
1211,Light Effigy,1500,0
1212,Dark Effigy,1500,0
1213,Zombie Master,1800,0
1214,Neo-Spacian Marine Dolphin,900,1100
1215,Elemental Hero Marine Neos,2800,2300
1216,Elemental Hero Darkbright,2000,1000
1217,Elemental Hero Magma Neos,3000,2500
1218,Ojama Knight,0,2500
1219,Ocean's Keeper,1500,1200
1220,Thousand-Eyes Jellyfish,300,2100
1221,Cranium Fish,2400,1200
1222,Abyssal Kingshark,1700,600
1223,Mormolith,1000,900
1224,Fossil Tusker,1800,0
1225,Phantom Dragonray Bronto,1500,1000
1226,Il Blud,2100,800
1227,Blazewing Butterfly,1500,1500
1228,Masked Beast Des Gardius,3300,2500
1229,Gladiator Beast Octavius,2500,1200
1230,Chamberlain of the Six Samurai,200,2000
1231,Cloudian - Smoke Ball,200,600
1232,Evil Hero Malicious Edge,2600,1800
1233,Evil Hero Infernal Gainer,1600,0
1234,Cloudian - Eye of the Typhoon,3000,1000
1235,Cloudian - Ghost Fog,0,0
1236,Cloudian - Nimbusman,1000,1000
1237,Cloudian - Sheep Cloud,0,0
1238,Cloudian - Poison Cloud,0,1000
1239,Cloudian - Acid Cloud,500,0
1240,Cloudian - Cirrostratus,900,0
1241,Cloudian - Altus,1300,0
1242,Cloudian - Turbulence,800,0
1243,Truckroid,1000,2000
1244,Stealthroid,1200,0
1245,Expressroid,400,1600
1246,Gladiator Beast Alexander,2400,600
1247,Gladiator Beast Spartacus,2200,1600
1248,Gladiator Beast Murmillo,800,400
1249,Gladiator Beast Bestiari,1500,800
1250,Gladiator Beast Laquari,1800,400
1251,Gladiator Beast Hoplomus,700,2100
1252,Gladiator Beast Dimacari,1600,1200
1253,Gladiator Beast Secutor,400,300
1254,Test Ape,700,300
1255,Witch Doctor of Sparta,400,2000
1256,Infinity Dark,1500,1200
1257,Magical Reflect Slime,700,1200
1258,Ancient Gear Knight,1800,500
1259,Goblin Black Ops,1300,0
1260,Gambler of Legend,500,1400
1261,"Enishi, Shien's Chancellor",2200,1200
1262,Spirit of the Six Samurai,500,500
1263,Alien Telepath,1600,1000
1264,Alien Hypno,1600,700
1265,Elemental Hero Chaos Neos,3000,2500
1266,Elemental Hero Plasma Vice,2600,2300
1267,Evil Hero Inferno Wing,2100,1200
1268,Evil Hero Lightning Golem,2400,1500
1269,Super Vehicroid - Stealth Union,3600,3000
1270,Superalloy Beast Raptinus,2200,2200
1271,Gladiator Beast Gaiodiaz,2600,1500
1272,Gladiator Beast Heraklinos,3000,2800
1273,Gladiator Beast Torax,1400,400
1274,Test Tiger,600,300
1275,Dragon Ice,1800,2200
1276,Tongue  Twister,400,300
1277,Skreech,1500,400
1278,Royal Firestorm Guards,1700,1200
1279,Necroface,1200,1800
1280,Gil Garth,1800,1200
1281,Phantom of Chaos,0,0
1282,Vortex Trooper,0,600
1283,Great White,1600,800
1284,Dragon Zombie,1600,0
1285,Ansatsu,1700,1200
1286,Claw Reacher,1000,800
1287,Mystic Clown,1500,1000
1288,Magical Ghost,1300,1400
1289,The Stern Mystic,1500,1200
1290,Wall of Illusion,1000,1850
1291,Baron of the Fiend Sword,1550,800
1292,Sorcerer of the Doomed,1450,1200
1293,Trap Master,500,1100
1294,Ryu-Kishin,1000,500
1295,The Wicked Worm Beast,1400,700
1296,Battle Ox,1700,1000
1297,Koumori Dragon,1500,1200
1298,Judge Man,2200,1500
1299,Rogue Doll,1600,1000
1300,Gyakutenno Megami,1800,2000
1301,Dark Titan of Terror,1300,1100
1302,Dark Assailant,1200,1200
1303,Master & Expert,1200,1000
1304,Unknown Warrior Fiend,1000,500
1305,Ogre of the Black Shadow,1200,1400
1306,Swordstalker,2000,1600
1307,La Jin Mystic Genie of the Lamp,1800,1000
1308,Rude Kaiser,1800,1600
1309,D. Human,1300,110
1310,Lord of D.,1200,1100
1311,Mysterious Puppeteer,1000,1500
1312,Black Luster Soldier,3000,2500
1313,Kaiser Sea Horse,1700,1650
1314,Penguin Soldier,750,500
1315,Toon Alligator,800,1600
1316,Skelengel,900,400
1317,Elemental Hero Necroshade,1600,1800
1318,Cyber-Tech Alligator,2500,1600
1319,Red-Eyes Darkness Dragon,2400,2000
1320,Vampire Genesis,3000,2100
1321,Infernal Flame Lord,2700,1600
1322,Ocean Dragon Lord - Neo-Daedalus,2900,1600
1323,Gilford the Legend,2600,2000
1324,Warrior Lady of the Wasteland,1100,1200
1325,Dark Eradicator Warlock,2500,2100
1326,Mythical Beast Cerberus,1400,1400
1327,"Exxod, Master of the Guard",0,4000
1328,Great Spirit,500,1500
1329,"Simorgh, Bird of Divinity",2700,1000
1330,Sonic Shooter,1300,600
1331,Five-Headed Dragon,5000,5000
1332,Super Conductor Tyranno,3300,1400
1333,Ancient Gear Gadjiltron Dragon,3000,2000
1334,Ancient Gear Gadjiltron Chimera,2300,1300
1335,Ancient Gear Engineer,1500,1500
1336,Boot-Up Soldier - Dread Dynamo,0,2000
1337,Green Gadget,1400,600
1338,Red Gadget,1300,1500
1339,Yellow Gadget,1200,1200
1340,Felgrand Dragon,2800,2800
1341,Darkblaze Dragon,1200,1000
1342,Herald of Creation,1800,600
1343,Decoy Dragon,300,200
1344,Abyss Soldier,1800,1300
1345,Inferno Hammer,2400,0
1346,Teva,2000,1500
1347,Satellite Cannon,0,0
1348,Thunder Kid,700,600
1349,Happy Lover,800,500
1350,Fairy Dragon,1100,1200
1351,Total Defense Shogun,1550,2500
1352,Blade Knight,1600,1000
1353,Command Knight,1200,1900
1354,Swift Gaia the Fierce Knight,2300,1200
1355,Insect Queen,2200,2400
1356,Obnoxious Celtic Guard,1400,1200
1357,Gilford the Lightning,2800,1400
1358,Exarion Universe,1800,1900
1359,Vorse Raider,1900,1200
1360,Dark Magician Girl,2000,1700
1361,Rocket Warrior,1500,1300
1362,Panther Warrior,2000,1600
1363,Emes the Infinity,2500,2000
1364,D. D. Assailant,1700,1600
1365,Twinheaded Beast,1700,1900
1366,Seiyaryu,2500,2300
1367,Machine King,2200,2000
1368,Toon Gemini Elf,1900,900
1369,Toon Goblin Attack Force,2300,0
1370,Dark Paladin,2900,2400
1371,Dark Sage,2800,3200
1372,"Alpha, the Magnet Warrior",1400,1700
1373,"Beta, the Magnet Warrior",1700,1600
1374,"Gamma, the Magnet Warrior",1500,1800
1375,Red Eyes Black Metal Dragon,2800,2400
1376,Harpies Pet Dragon,2000,2500
1377,Phantom Beast Cross-Wing,1300,1300
1378,Phantom Beast Wild-Horn,1700,0
1379,Phantom Beast Thunder-Pegasus,700,2000
1380,Elemental Hero Necroshade,1600,1800
1381,Lord of the Lamp,1400,1200
1382,Greenkappa,650,900
1383,Archfiend of Gilfer,2200,2500
1384,Blue-Eyes Ultimate Dragon,4500,3800
1385,Magician's Valkyria,1601,1801
1386,Toon Dark Magician Girl,2000,1700
1387,Victory Dragon,2400,3000
1388,Elemental Hero Stratos,1800,300
1389,Elemental Hero Electrum,2900,2600
1390,Elemental Hero Mudballman,1900,3000
1391,White-Horned Dragon,2200,1400
1392,Meteor Dragon,1800,2000
1393,Gokibore,1200,1400
1394,Metal Guardian,1150,2150
1395,Kaiser Dragon,2300,2000
1396,Amphibious Bugroth,1850,1300
1397,Aqua Dragon,2250,1900
1398,Pragtical,1900,1500
1399,Zone Eater,250,200
1400,Flame Viper,400,450
1401,Trakodon,1300,800
1402,Dungeon Worm,1800,1500
1403,Moon Envoy,1100,1000
1404,Stone Dragon,2000,2300
1405,Blue-Eyes Shining Dragon,3000,2500
1406,Sorcerer of Dark Magic,3200,2800
1407,Watapon,200,300
1408,Millennium Shield,0,3000
1409,Cosmo Queen,2900,2450
1410,Goddess of Whim,950,700
1411,Frog the Jam,700,500
1412,Yaranzo,1300,1500
1413,Takriminos,1500,1200
1414,Stuffed Animal,1200,900
1415,Megasonic Eye,1500,1800
1416,Yamadron,1600,1800
1417,Three-Legged Zombies,1100,800
1418,Flying Penguin,1200,1000
1419,Fairy's Gift,1400,1000
1420,Ushi Oni,2150,1950
1421,Turtle Bird,1900,1700
1422,Silent Magician LV4,1000,1000
1423,Silent Magician LV8,3500,1000
1424,Dark Magician Knight,2500,2100
1425,Valkyrion the Magna Warrior,3500,3850
1426,Sinister Serpent,300,250
1427,Des Volstgalph,2200,1700
1428,Cyber-Stein,700,500
1429,Charcoal Inpachi,100,2100
1430,Neo Aqua Madoor,1200,3000
1431,Skull Dog Marron,1350,2000
1432,Goblin Calligrapher,400,400
1433,Cyber Harpie Lady,1800,1300
1434,Amazoness Chain Master,1500,1300
1435,Ancient Lamp,900,1400
1436,Zoa,2600,1900
1437,Metalzoa,3000,2300
1438,Fairy King Truesdale,2200,1500
1439,Kinetic Soldier,1350,1800
1440,Slate Warrior,1900,400
1441,Mechanical Chaser,1850,800
1442,Axe Raider,1700,1150
1443,Kwagar Hercules,1900,1700
1444,Patrol Robo,1100,900
1445,Tiger Axe,1300,1100
1446,Goddess with the Third Eye,1200,1000
1447,Beastking of the Swaps,1000,1100
1448,Versago the Destroyer,1100,900
1449,Oscillo Hero #2,1000,500
1450,Giant Flea,1500,1200
1451,Bean Soldier,1400,1300
1452,The Statue of Easter Island,1100,1400
1453,Corroding Shark,1100,700
1454,Wow Warrior,1250,900
1455,"Winged Dragon, Guardian of the Fortress #2",1200,1000
1456,Oscillo Hero,1250,700
1457,Shining Friendship,1300,1100
1458,Hercules Beetle,1500,2000
1459,The Judgement Hand,1400,700
1460,Wodan the Resident of the Forest,900,1200
1461,Cyber Soldier of Darkworld,1400,1200
1462,Cockroach Knight,800,900
1463,Kuwagata,1250,1000
1464,Morphing Jar,700,600
1465,Dragon Seeker,2000,2100
1466,Giant Red Seasnake,1800,800
1467,Mikazukinoyaiba,2200,2350
1468,Skull Guardian,2050,2500
1469,Dokurorider,1900,1850
1470,Beautiful Headhuntress,1600,800
1471,Sonic Maid,1200,900
1472,Mystical Sheep #1,1150,900
1473,Warrior of Tradition,1900,1700
1474,Dancing Elf,300,200
1475,Turu-Purun,450,500
1476,Dharma Cannon,900,500
1477,Spirit of the Books,1400,1200
1478,Faith Bird,1500,1100
1479,Takuhee,1450,1000
1480,Maiden of Moonlight,1500,1300
1481,Queen of Autumn Leaves,1800,1500
1482,Two-Headed� King Rex,1600,1200
1483,Garoozis,1800,1500
1484,Crawling Dragon #2,1600,1200
1485,Parrot Dragon,2000,1300
1486,Sky Dragon,1900,1800
1487,Water Magician,1400,1000
1488,Needle Worm,750,600
1489,Luminous Soldier,2100,1400
1490,Big Shield Gardna,100,2600
1491,Toon Cannon Soldier,1400,1300
1492,Archfiend Marmot of Nefariousness,400,600
1493,Sleeping Lion,700,1700
1494,Nekogal #1,1100,900
1495,Burglar,850,800
1496,Clown Zombie,1350,0
1497,D. D. Warrior,1200,1000
1498,Fortress Whale,2350,2150
1499,Haniwa,500,500
1500,Prisman,800,1000
1501,Millennium Golem,2000,2200
1502,Dig Beak,500,800
1503,Nekogal #2,1900,2000
1504,Dunames Dark Witch,1800,1050
1505,Garma Sword,2550,2150
1506,Gatekeeper,1500,1800
1507,Behegon,1350,1000
1508,Violent Rain,1550,800
1509,Temple of Skulls,900,1300
1510,Blocker,850,1800
1511,Wretched Ghost of the Attic,550,400
1512,Sectarian of Secrets,700,500
1513,Necrolancer the Timelord,800,900
